"filename", "language", "JavaScript", "JSON", "Properties", "YAML", "XML", "C#", "HTML", "Markdown", "JavaScript JSX", "PostCSS", "Docker", "comment", "blank", "total"
"/home/alrightytighty/DataBeats/README.md", "Markdown", 0, 0, 0, 0, 0, 0, 0, 2, 0, 0, 0, 0, 1, 3
"/home/alrightytighty/DataBeats/backend/Controllers/AdminController.cs", "C#", 0, 0, 0, 0, 0, 304, 0, 0, 0, 0, 0, 0, 36, 340
"/home/alrightytighty/DataBeats/backend/Controllers/AlbumController.cs", "C#", 0, 0, 0, 0, 0, 195, 0, 0, 0, 0, 0, 2, 47, 244
"/home/alrightytighty/DataBeats/backend/Controllers/AlbumOrSongArtFileController.cs", "C#", 0, 0, 0, 0, 0, 58, 0, 0, 0, 0, 0, 0, 11, 69
"/home/alrightytighty/DataBeats/backend/Controllers/AuthenticationController.cs", "C#", 0, 0, 0, 0, 0, 64, 0, 0, 0, 0, 0, 0, 10, 74
"/home/alrightytighty/DataBeats/backend/Controllers/AuthenticationTest.cs", "C#", 0, 0, 0, 0, 0, 34, 0, 0, 0, 0, 0, 0, 5, 39
"/home/alrightytighty/DataBeats/backend/Controllers/EventController.cs", "C#", 0, 0, 0, 0, 0, 140, 0, 0, 0, 0, 0, 1, 28, 169
"/home/alrightytighty/DataBeats/backend/Controllers/EventPictureFileController.cs", "C#", 0, 0, 0, 0, 0, 84, 0, 0, 0, 0, 0, 0, 18, 102
"/home/alrightytighty/DataBeats/backend/Controllers/FriendController.cs", "C#", 0, 0, 0, 0, 0, 100, 0, 0, 0, 0, 0, 0, 22, 122
"/home/alrightytighty/DataBeats/backend/Controllers/HistoryController.cs", "C#", 0, 0, 0, 0, 0, 215, 0, 0, 0, 0, 0, 0, 29, 244
"/home/alrightytighty/DataBeats/backend/Controllers/MusicianController.cs", "C#", 0, 0, 0, 0, 0, 88, 0, 0, 0, 0, 0, 6, 21, 115
"/home/alrightytighty/DataBeats/backend/Controllers/PlaylistController.cs", "C#", 0, 0, 0, 0, 0, 149, 0, 0, 0, 0, 0, 6, 32, 187
"/home/alrightytighty/DataBeats/backend/Controllers/PlaylistPageController.cs", "C#", 0, 0, 0, 0, 0, 223, 0, 0, 0, 0, 0, 5, 47, 275
"/home/alrightytighty/DataBeats/backend/Controllers/PlaylistPictureFileController.cs", "C#", 0, 0, 0, 0, 0, 58, 0, 0, 0, 0, 0, 0, 13, 71
"/home/alrightytighty/DataBeats/backend/Controllers/ProfilePictureController.cs", "C#", 0, 0, 0, 0, 0, 53, 0, 0, 0, 0, 0, 0, 11, 64
"/home/alrightytighty/DataBeats/backend/Controllers/RatingController.cs", "C#", 0, 0, 0, 0, 0, 84, 0, 0, 0, 0, 0, 0, 17, 101
"/home/alrightytighty/DataBeats/backend/Controllers/ReportController.cs", "C#", 0, 0, 0, 0, 0, 39, 0, 0, 0, 0, 0, 0, 6, 45
"/home/alrightytighty/DataBeats/backend/Controllers/SearchController.cs", "C#", 0, 0, 0, 0, 0, 102, 0, 0, 0, 0, 0, 0, 12, 114
"/home/alrightytighty/DataBeats/backend/Controllers/SongController.cs", "C#", 0, 0, 0, 0, 0, 70, 0, 0, 0, 0, 0, 4, 15, 89
"/home/alrightytighty/DataBeats/backend/Controllers/SongFileController.cs", "C#", 0, 0, 0, 0, 0, 73, 0, 0, 0, 0, 0, 0, 17, 90
"/home/alrightytighty/DataBeats/backend/Controllers/StreamSongController.cs", "C#", 0, 0, 0, 0, 0, 42, 0, 0, 0, 0, 0, 0, 13, 55
"/home/alrightytighty/DataBeats/backend/Controllers/UserController.cs", "C#", 0, 0, 0, 0, 0, 52, 0, 0, 0, 0, 0, 0, 12, 64
"/home/alrightytighty/DataBeats/backend/DTOs/Album/AlbumDto.cs", "C#", 0, 0, 0, 0, 0, 24, 0, 0, 0, 0, 0, 0, 10, 34
"/home/alrightytighty/DataBeats/backend/DTOs/Album/CreateAlbumRequestDto.cs", "C#", 0, 0, 0, 0, 0, 19, 0, 0, 0, 0, 0, 0, 9, 28
"/home/alrightytighty/DataBeats/backend/DTOs/Authentication/AuthenticationInformationRequestDto.cs", "C#", 0, 0, 0, 0, 0, 12, 0, 0, 0, 0, 0, 0, 1, 13
"/home/alrightytighty/DataBeats/backend/DTOs/Authentication/SessionDto.cs", "C#", 0, 0, 0, 0, 0, 14, 0, 0, 0, 0, 0, 0, 1, 15
"/home/alrightytighty/DataBeats/backend/DTOs/Authentication/UpdateAuthDto.cs", "C#", 0, 0, 0, 0, 0, 8, 0, 0, 0, 0, 0, 0, 1, 9
"/home/alrightytighty/DataBeats/backend/DTOs/Event/CreateEventDto.cs", "C#", 0, 0, 0, 0, 0, 16, 0, 0, 0, 0, 0, 0, 5, 21
"/home/alrightytighty/DataBeats/backend/DTOs/Event/EventDto.cs", "C#", 0, 0, 0, 0, 0, 22, 0, 0, 0, 0, 0, 0, 6, 28
"/home/alrightytighty/DataBeats/backend/DTOs/Event/UpdateEventDto.cs", "C#", 0, 0, 0, 0, 0, 16, 0, 0, 0, 0, 0, 1, 5, 22
"/home/alrightytighty/DataBeats/backend/DTOs/EventPictureFile/EventPictureFileDto.cs", "C#", 0, 0, 0, 0, 0, 4, 0, 0, 0, 0, 0, 0, 1, 5
"/home/alrightytighty/DataBeats/backend/DTOs/Friend/CreateFriendRequestDto.cs", "C#", 0, 0, 0, 0, 0, 20, 0, 0, 0, 0, 0, 0, 3, 23
"/home/alrightytighty/DataBeats/backend/DTOs/Friend/FriendDto.cs", "C#", 0, 0, 0, 0, 0, 13, 0, 0, 0, 0, 0, 0, 2, 15
"/home/alrightytighty/DataBeats/backend/DTOs/History/HistoryPlayDto.cs", "C#", 0, 0, 0, 0, 0, 15, 0, 0, 0, 0, 0, 0, 0, 15
"/home/alrightytighty/DataBeats/backend/DTOs/History/RecordPlayDto.cs", "C#", 0, 0, 0, 0, 0, 7, 0, 0, 0, 0, 0, 0, 0, 7
"/home/alrightytighty/DataBeats/backend/DTOs/History/TopSongDto.cs", "C#", 0, 0, 0, 0, 0, 17, 0, 0, 0, 0, 0, 0, 0, 17
"/home/alrightytighty/DataBeats/backend/DTOs/Musician/CreateMusicianDto.cs", "C#", 0, 0, 0, 0, 0, 15, 0, 0, 0, 0, 0, 0, 4, 19
"/home/alrightytighty/DataBeats/backend/DTOs/Musician/MusicianDto.cs", "C#", 0, 0, 0, 0, 0, 18, 0, 0, 0, 0, 0, 0, 9, 27
"/home/alrightytighty/DataBeats/backend/DTOs/Musician/UpdateMusicianDto.cs", "C#", 0, 0, 0, 0, 0, 6, 0, 0, 0, 0, 0, 0, 0, 6
"/home/alrightytighty/DataBeats/backend/DTOs/Playlist/CreatePlaylistDto.cs", "C#", 0, 0, 0, 0, 0, 15, 0, 0, 0, 0, 0, 0, 4, 19
"/home/alrightytighty/DataBeats/backend/DTOs/Playlist/Playlistdto.cs", "C#", 0, 0, 0, 0, 0, 20, 0, 0, 0, 0, 0, 0, 3, 23
"/home/alrightytighty/DataBeats/backend/DTOs/Playlist/UpdatePlaylistDto.cs", "C#", 0, 0, 0, 0, 0, 15, 0, 0, 0, 0, 0, 0, 4, 19
"/home/alrightytighty/DataBeats/backend/DTOs/PlaylistPageDto/PlaylistPageDto.cs", "C#", 0, 0, 0, 0, 0, 44, 0, 0, 0, 0, 0, 1, 10, 55
"/home/alrightytighty/DataBeats/backend/DTOs/ProfilePictureFile/ProfilePictureFileDto.cs", "C#", 0, 0, 0, 0, 0, 14, 0, 0, 0, 0, 0, 0, 4, 18
"/home/alrightytighty/DataBeats/backend/DTOs/Rating/CreateRatingDto.cs", "C#", 0, 0, 0, 0, 0, 13, 0, 0, 0, 0, 0, 0, 3, 16
"/home/alrightytighty/DataBeats/backend/DTOs/Rating/RatingDto.cs", "C#", 0, 0, 0, 0, 0, 16, 0, 0, 0, 0, 0, 0, 1, 17
"/home/alrightytighty/DataBeats/backend/DTOs/Report/CreateReportDto.cs", "C#", 0, 0, 0, 0, 0, 14, 0, 0, 0, 0, 0, 0, 4, 18
"/home/alrightytighty/DataBeats/backend/DTOs/Song/CreateSongDto.cs", "C#", 0, 0, 0, 0, 0, 13, 0, 0, 0, 0, 0, 0, 3, 16
"/home/alrightytighty/DataBeats/backend/DTOs/Song/SongDto.cs", "C#", 0, 0, 0, 0, 0, 23, 0, 0, 0, 0, 0, 0, 14, 37
"/home/alrightytighty/DataBeats/backend/DTOs/SongFileDto/SongFileDto.cs", "C#", 0, 0, 0, 0, 0, 20, 0, 0, 0, 0, 0, 0, 3, 23
"/home/alrightytighty/DataBeats/backend/DTOs/User/CreateUserRequestDto.cs", "C#", 0, 0, 0, 0, 0, 13, 0, 0, 0, 0, 0, 0, 1, 14
"/home/alrightytighty/DataBeats/backend/DTOs/User/UpdateUserDto.cs", "C#", 0, 0, 0, 0, 0, 10, 0, 0, 0, 0, 0, 0, 1, 11
"/home/alrightytighty/DataBeats/backend/DTOs/User/UserDto.cs", "C#", 0, 0, 0, 0, 0, 17, 0, 0, 0, 0, 0, 0, 1, 18
"/home/alrightytighty/DataBeats/backend/Dockerfile", "Docker", 0, 0, 0, 0, 0, 0, 0, 0, 0, 0, 11, 6, 6, 23
"/home/alrightytighty/DataBeats/backend/Mappers/AlbumMappers.cs", "C#", 0, 0, 0, 0, 0, 39, 0, 0, 0, 0, 0, 0, 2, 41
"/home/alrightytighty/DataBeats/backend/Mappers/EventMapper.cs", "C#", 0, 0, 0, 0, 0, 43, 0, 0, 0, 0, 0, 0, 2, 45
"/home/alrightytighty/DataBeats/backend/Mappers/FriendMappers.cs", "C#", 0, 0, 0, 0, 0, 20, 0, 0, 0, 0, 0, 0, 2, 22
"/home/alrightytighty/DataBeats/backend/Mappers/MusicianMapper.cs", "C#", 0, 0, 0, 0, 0, 37, 0, 0, 0, 0, 0, 0, 1, 38
"/home/alrightytighty/DataBeats/backend/Mappers/PlaylistMapper.cs", "C#", 0, 0, 0, 0, 0, 41, 0, 0, 0, 0, 0, 2, 2, 45
"/home/alrightytighty/DataBeats/backend/Mappers/PlaylistPageMapper.cs", "C#", 0, 0, 0, 0, 0, 71, 0, 0, 0, 0, 0, 2, 13, 86
"/home/alrightytighty/DataBeats/backend/Mappers/ProfilePictureMapper.cs", "C#", 0, 0, 0, 0, 0, 22, 0, 0, 0, 0, 0, 0, 1, 23
"/home/alrightytighty/DataBeats/backend/Mappers/RatingMappers.cs", "C#", 0, 0, 0, 0, 0, 24, 0, 0, 0, 0, 0, 0, 1, 25
"/home/alrightytighty/DataBeats/backend/Mappers/SessionMapper.cs", "C#", 0, 0, 0, 0, 0, 22, 0, 0, 0, 0, 0, 0, 1, 23
"/home/alrightytighty/DataBeats/backend/Mappers/SongFileMapper.cs", "C#", 0, 0, 0, 0, 0, 31, 0, 0, 0, 0, 0, 0, 2, 33
"/home/alrightytighty/DataBeats/backend/Mappers/SongMappers.cs", "C#", 0, 0, 0, 0, 0, 44, 0, 0, 0, 0, 0, 0, 2, 46
"/home/alrightytighty/DataBeats/backend/Mappers/UserMappers.cs", "C#", 0, 0, 0, 0, 0, 41, 0, 0, 0, 0, 0, 0, 3, 44
"/home/alrightytighty/DataBeats/backend/Middleware/AuthenticationHandler.cs", "C#", 0, 0, 0, 0, 0, 43, 0, 0, 0, 0, 0, 0, 9, 52
"/home/alrightytighty/DataBeats/backend/Models/Admin.cs", "C#", 0, 0, 0, 0, 0, 38, 0, 0, 0, 0, 0, 0, 34, 72
"/home/alrightytighty/DataBeats/backend/Models/AdminDeletesAlbum.cs", "C#", 0, 0, 0, 0, 0, 18, 0, 0, 0, 0, 0, 0, 14, 32
"/home/alrightytighty/DataBeats/backend/Models/AdminDeletesMusician.cs", "C#", 0, 0, 0, 0, 0, 18, 0, 0, 0, 0, 0, 0, 14, 32
"/home/alrightytighty/DataBeats/backend/Models/AdminDeletesPlaylist.cs", "C#", 0, 0, 0, 0, 0, 18, 0, 0, 0, 0, 0, 0, 14, 32
"/home/alrightytighty/DataBeats/backend/Models/AdminDeletesRating.cs", "C#", 0, 0, 0, 0, 0, 18, 0, 0, 0, 0, 0, 0, 14, 32
"/home/alrightytighty/DataBeats/backend/Models/AdminDeletesSong.cs", "C#", 0, 0, 0, 0, 0, 18, 0, 0, 0, 0, 0, 0, 14, 32
"/home/alrightytighty/DataBeats/backend/Models/AdminManagesUser.cs", "C#", 0, 0, 0, 0, 0, 19, 0, 0, 0, 0, 0, 0, 15, 34
"/home/alrightytighty/DataBeats/backend/Models/Album.cs", "C#", 0, 0, 0, 0, 0, 28, 0, 0, 0, 0, 0, 0, 24, 52
"/home/alrightytighty/DataBeats/backend/Models/AlbumContainsSong.cs", "C#", 0, 0, 0, 0, 0, 19, 0, 0, 0, 0, 0, 0, 15, 34
"/home/alrightytighty/DataBeats/backend/Models/AlbumGenre.cs", "C#", 0, 0, 0, 0, 0, 19, 0, 0, 0, 0, 0, 0, 15, 34
"/home/alrightytighty/DataBeats/backend/Models/AlbumOrSongArtFile.cs", "C#", 0, 0, 0, 0, 0, 11, 0, 0, 0, 0, 0, 0, 7, 18
"/home/alrightytighty/DataBeats/backend/Models/ApplicationDBContext.cs", "C#", 0, 0, 0, 0, 0, 1345, 0, 0, 0, 0, 0, 0, 402, 1747
"/home/alrightytighty/DataBeats/backend/Models/Artist.cs", "C#", 0, 0, 0, 0, 0, 10, 0, 0, 0, 0, 0, 0, 3, 13
"/home/alrightytighty/DataBeats/backend/Models/AuthenticationInformation.cs", "C#", 0, 0, 0, 0, 0, 15, 0, 0, 0, 0, 0, 0, 11, 26
"/home/alrightytighty/DataBeats/backend/Models/Complaint.cs", "C#", 0, 0, 0, 0, 0, 15, 0, 0, 0, 0, 0, 0, 11, 26
"/home/alrightytighty/DataBeats/backend/Models/Event.cs", "C#", 0, 0, 0, 0, 0, 22, 0, 0, 0, 0, 0, 0, 18, 40
"/home/alrightytighty/DataBeats/backend/Models/EventPictureFile.cs", "C#", 0, 0, 0, 0, 0, 13, 0, 0, 0, 0, 0, 0, 9, 22
"/home/alrightytighty/DataBeats/backend/Models/Musician.cs", "C#", 0, 0, 0, 0, 0, 39, 0, 0, 0, 0, 0, 0, 35, 74
"/home/alrightytighty/DataBeats/backend/Models/MusicianHostsEvent.cs", "C#", 0, 0, 0, 0, 0, 12, 0, 0, 0, 0, 0, 0, 8, 20
"/home/alrightytighty/DataBeats/backend/Models/MusicianWorksOnAlbum.cs", "C#", 0, 0, 0, 0, 0, 13, 0, 0, 0, 0, 0, 0, 9, 22
"/home/alrightytighty/DataBeats/backend/Models/MusicianWorksOnSong.cs", "C#", 0, 0, 0, 0, 0, 13, 0, 0, 0, 0, 0, 0, 9, 22
"/home/alrightytighty/DataBeats/backend/Models/Playlist.cs", "C#", 0, 0, 0, 0, 0, 24, 0, 0, 0, 0, 0, 0, 20, 44
"/home/alrightytighty/DataBeats/backend/Models/PlaylistEntry.cs", "C#", 0, 0, 0, 0, 0, 16, 0, 0, 0, 0, 0, 0, 12, 28
"/home/alrightytighty/DataBeats/backend/Models/PlaylistPictureFile.cs", "C#", 0, 0, 0, 0, 0, 11, 0, 0, 0, 0, 0, 0, 7, 18
"/home/alrightytighty/DataBeats/backend/Models/ProfilePictureFile.cs", "C#", 0, 0, 0, 0, 0, 12, 0, 0, 0, 0, 0, 0, 8, 20
"/home/alrightytighty/DataBeats/backend/Models/Review.cs", "C#", 0, 0, 0, 0, 0, 21, 0, 0, 0, 0, 0, 0, 17, 38
"/home/alrightytighty/DataBeats/backend/Models/Session.cs", "C#", 0, 0, 0, 0, 0, 12, 0, 0, 0, 0, 0, 0, 8, 20
"/home/alrightytighty/DataBeats/backend/Models/Song.cs", "C#", 0, 0, 0, 0, 0, 33, 0, 0, 0, 0, 0, 0, 29, 62
"/home/alrightytighty/DataBeats/backend/Models/SongFile.cs", "C#", 0, 0, 0, 0, 0, 15, 0, 0, 0, 0, 0, 0, 11, 26
"/home/alrightytighty/DataBeats/backend/Models/SongGenre.cs", "C#", 0, 0, 0, 0, 0, 19, 0, 0, 0, 0, 0, 0, 15, 34
"/home/alrightytighty/DataBeats/backend/Models/SongLyricist.cs", "C#", 0, 0, 0, 0, 0, 19, 0, 0, 0, 0, 0, 0, 15, 34
"/home/alrightytighty/DataBeats/backend/Models/SongPath.cs", "C#", 0, 0, 0, 0, 0, 12, 0, 0, 0, 0, 0, 0, 1, 13
"/home/alrightytighty/DataBeats/backend/Models/SongProducer.cs", "C#", 0, 0, 0, 0, 0, 19, 0, 0, 0, 0, 0, 0, 15, 34
"/home/alrightytighty/DataBeats/backend/Models/SongUpload.cs", "C#", 0, 0, 0, 0, 0, 8, 0, 0, 0, 0, 0, 0, 4, 12
"/home/alrightytighty/DataBeats/backend/Models/User.cs", "C#", 0, 0, 0, 0, 0, 53, 0, 0, 0, 0, 0, 0, 49, 102
"/home/alrightytighty/DataBeats/backend/Models/UserAttendsEvent.cs", "C#", 0, 0, 0, 0, 0, 13, 0, 0, 0, 0, 0, 0, 9, 22
"/home/alrightytighty/DataBeats/backend/Models/UserFollowsUser.cs", "C#", 0, 0, 0, 0, 0, 13, 0, 0, 0, 0, 0, 0, 9, 22
"/home/alrightytighty/DataBeats/backend/Models/UserFriendsWithUser.cs", "C#", 0, 0, 0, 0, 0, 15, 0, 0, 0, 0, 0, 0, 11, 26
"/home/alrightytighty/DataBeats/backend/Models/UserIsCollaboratorOfPlaylist.cs", "C#", 0, 0, 0, 0, 0, 15, 0, 0, 0, 0, 0, 0, 11, 26
"/home/alrightytighty/DataBeats/backend/Models/UserLikesSong.cs", "C#", 0, 0, 0, 0, 0, 11, 0, 0, 0, 0, 0, 0, 7, 18
"/home/alrightytighty/DataBeats/backend/Models/UserListensToSong.cs", "C#", 0, 0, 0, 0, 0, 12, 0, 0, 0, 0, 0, 0, 8, 20
"/home/alrightytighty/DataBeats/backend/Models/UserMakesComplaint.cs", "C#", 0, 0, 0, 0, 0, 13, 0, 0, 0, 0, 0, 0, 9, 22
"/home/alrightytighty/DataBeats/backend/Models/UserRatesSong.cs", "C#", 0, 0, 0, 0, 0, 23, 0, 0, 0, 0, 0, 0, 19, 42
"/home/alrightytighty/DataBeats/backend/Models/UserSavesPlaylist.cs", "C#", 0, 0, 0, 0, 0, 13, 0, 0, 0, 0, 0, 0, 9, 22
"/home/alrightytighty/DataBeats/backend/Program.cs", "C#", 0, 0, 0, 0, 0, 108, 0, 0, 0, 0, 0, 4, 33, 145
"/home/alrightytighty/DataBeats/backend/Properties/launchSettings.json", "JSON", 0, 23, 0, 0, 0, 0, 0, 0, 0, 0, 0, 0, 1, 24
"/home/alrightytighty/DataBeats/backend/appsettings.Development.json", "JSON", 0, 8, 0, 0, 0, 0, 0, 0, 0, 0, 0, 0, 1, 9
"/home/alrightytighty/DataBeats/backend/appsettings.json", "JSON", 0, 9, 0, 0, 0, 0, 0, 0, 0, 0, 0, 0, 1, 10
"/home/alrightytighty/DataBeats/backend/backend.csproj", "XML", 0, 0, 0, 0, 19, 0, 0, 0, 0, 0, 0, 0, 4, 23
"/home/alrightytighty/DataBeats/backend/cloudbuild.yaml", "YAML", 0, 0, 0, 5, 0, 0, 0, 0, 0, 0, 0, 0, 1, 6
"/home/alrightytighty/DataBeats/backend/package-lock.json", "JSON", 0, 6, 0, 0, 0, 0, 0, 0, 0, 0, 0, 0, 1, 7
"/home/alrightytighty/DataBeats/frontend/.env", "Properties", 0, 0, 1, 0, 0, 0, 0, 0, 0, 0, 0, 0, 0, 1
"/home/alrightytighty/DataBeats/frontend/Dockerfile", "Docker", 0, 0, 0, 0, 0, 0, 0, 0, 0, 0, 11, 7, 7, 25
"/home/alrightytighty/DataBeats/frontend/README.md", "Markdown", 0, 0, 0, 0, 0, 0, 0, 9, 0, 0, 0, 0, 8, 17
"/home/alrightytighty/DataBeats/frontend/cloudbuild.yaml", "YAML", 0, 0, 0, 38, 0, 0, 0, 0, 0, 0, 0, 4, 5, 47
"/home/alrightytighty/DataBeats/frontend/eslint.config.js", "JavaScript", 28, 0, 0, 0, 0, 0, 0, 0, 0, 0, 0, 0, 2, 30
"/home/alrightytighty/DataBeats/frontend/index.html", "HTML", 0, 0, 0, 0, 0, 0, 13, 0, 0, 0, 0, 0, 1, 14
"/home/alrightytighty/DataBeats/frontend/nginx.conf", "Properties", 0, 0, 14, 0, 0, 0, 0, 0, 0, 0, 0, 2, 3, 19
"/home/alrightytighty/DataBeats/frontend/package-lock.json", "JSON", 0, 3117, 0, 0, 0, 0, 0, 0, 0, 0, 0, 0, 1, 3118
"/home/alrightytighty/DataBeats/frontend/package.json", "JSON", 0, 32, 0, 0, 0, 0, 0, 0, 0, 0, 0, 0, 1, 33
"/home/alrightytighty/DataBeats/frontend/public/vite.svg", "XML", 0, 0, 0, 0, 1, 0, 0, 0, 0, 0, 0, 0, 0, 1
"/home/alrightytighty/DataBeats/frontend/src/App.css", "PostCSS", 0, 0, 0, 0, 0, 0, 0, 0, 0, 31, 0, 0, 5, 36
"/home/alrightytighty/DataBeats/frontend/src/App.jsx", "JavaScript JSX", 0, 0, 0, 0, 0, 0, 0, 0, 107, 0, 0, 0, 8, 115
"/home/alrightytighty/DataBeats/frontend/src/Components/AddButton.jsx", "JavaScript JSX", 0, 0, 0, 0, 0, 0, 0, 0, 6, 0, 0, 0, 1, 7
"/home/alrightytighty/DataBeats/frontend/src/Components/AddSongModal.jsx", "JavaScript JSX", 0, 0, 0, 0, 0, 0, 0, 0, 137, 0, 0, 0, 14, 151
"/home/alrightytighty/DataBeats/frontend/src/Components/AddSongModal.module.css", "PostCSS", 0, 0, 0, 0, 0, 0, 0, 0, 0, 283, 0, 5, 54, 342
"/home/alrightytighty/DataBeats/frontend/src/Components/AddUserModal.jsx", "JavaScript JSX", 0, 0, 0, 0, 0, 0, 0, 0, 87, 0, 0, 1, 15, 103
"/home/alrightytighty/DataBeats/frontend/src/Components/AddUserModal.module.css", "PostCSS", 0, 0, 0, 0, 0, 0, 0, 0, 0, 125, 0, 9, 19, 153
"/home/alrightytighty/DataBeats/frontend/src/Components/AdminActivity.jsx", "JavaScript JSX", 0, 0, 0, 0, 0, 0, 0, 0, 127, 0, 0, 0, 10, 137
"/home/alrightytighty/DataBeats/frontend/src/Components/AdminActivity.module.css", "PostCSS", 0, 0, 0, 0, 0, 0, 0, 0, 0, 91, 0, 0, 18, 109
"/home/alrightytighty/DataBeats/frontend/src/Components/AlbumCard.jsx", "JavaScript JSX", 0, 0, 0, 0, 0, 0, 0, 0, 32, 0, 0, 3, 4, 39
"/home/alrightytighty/DataBeats/frontend/src/Components/AlbumSongListing.jsx", "JavaScript JSX", 0, 0, 0, 0, 0, 0, 0, 0, 44, 0, 0, 0, 5, 49
"/home/alrightytighty/DataBeats/frontend/src/Components/AlbumSongListing.module.css", "PostCSS", 0, 0, 0, 0, 0, 0, 0, 0, 0, 61, 0, 0, 12, 73
"/home/alrightytighty/DataBeats/frontend/src/Components/Bio.jsx", "JavaScript JSX", 0, 0, 0, 0, 0, 0, 0, 0, 56, 0, 0, 17, 10, 83
"/home/alrightytighty/DataBeats/frontend/src/Components/ContentReportsChart.jsx", "JavaScript JSX", 0, 0, 0, 0, 0, 0, 0, 0, 141, 0, 0, 0, 11, 152
"/home/alrightytighty/DataBeats/frontend/src/Components/ContentReportsChart.module.css", "PostCSS", 0, 0, 0, 0, 0, 0, 0, 0, 0, 112, 0, 0, 22, 134
"/home/alrightytighty/DataBeats/frontend/src/Components/ContextMenu.jsx", "JavaScript JSX", 0, 0, 0, 0, 0, 0, 0, 0, 19, 0, 0, 0, 5, 24
"/home/alrightytighty/DataBeats/frontend/src/Components/ContextMenu.module.css", "PostCSS", 0, 0, 0, 0, 0, 0, 0, 0, 0, 33, 0, 0, 4, 37
"/home/alrightytighty/DataBeats/frontend/src/Components/ContextMenuButton.jsx", "JavaScript JSX", 0, 0, 0, 0, 0, 0, 0, 0, 16, 0, 0, 0, 3, 19
"/home/alrightytighty/DataBeats/frontend/src/Components/ContextMenuButton.module.css", "PostCSS", 0, 0, 0, 0, 0, 0, 0, 0, 0, 12, 0, 0, 3, 15
"/home/alrightytighty/DataBeats/frontend/src/Components/DeleteButton.jsx", "JavaScript JSX", 0, 0, 0, 0, 0, 0, 0, 0, 30, 0, 0, 0, 5, 35
"/home/alrightytighty/DataBeats/frontend/src/Components/EditButton.jsx", "JavaScript JSX", 0, 0, 0, 0, 0, 0, 0, 0, 10, 0, 0, 3, 2, 15
"/home/alrightytighty/DataBeats/frontend/src/Components/EventCard.jsx", "JavaScript JSX", 0, 0, 0, 0, 0, 0, 0, 0, 26, 0, 0, 0, 3, 29
"/home/alrightytighty/DataBeats/frontend/src/Components/MusicianPicName.jsx", "JavaScript JSX", 0, 0, 0, 0, 0, 0, 0, 0, 114, 0, 0, 23, 12, 149
"/home/alrightytighty/DataBeats/frontend/src/Components/Playbar.jsx", "JavaScript JSX", 0, 0, 0, 0, 0, 0, 0, 0, 127, 0, 0, 5, 23, 155
"/home/alrightytighty/DataBeats/frontend/src/Components/Playbar.module.css", "PostCSS", 0, 0, 0, 0, 0, 0, 0, 0, 0, 80, 0, 3, 14, 97
"/home/alrightytighty/DataBeats/frontend/src/Components/PlaylistCard.jsx", "JavaScript JSX", 0, 0, 0, 0, 0, 0, 0, 0, 19, 0, 0, 0, 3, 22
"/home/alrightytighty/DataBeats/frontend/src/Components/PlaylistCard.module.css", "PostCSS", 0, 0, 0, 0, 0, 0, 0, 0, 0, 75, 0, 0, 13, 88
"/home/alrightytighty/DataBeats/frontend/src/Components/PlaylistSection.jsx", "JavaScript JSX", 0, 0, 0, 0, 0, 0, 0, 0, 15, 0, 0, 0, 2, 17
"/home/alrightytighty/DataBeats/frontend/src/Components/PlaylistSection.module.css", "PostCSS", 0, 0, 0, 0, 0, 0, 0, 0, 0, 36, 0, 0, 8, 44
"/home/alrightytighty/DataBeats/frontend/src/Components/Profile/KebabMenu.jsx", "JavaScript JSX", 0, 0, 0, 0, 0, 0, 0, 0, 56, 0, 0, 0, 7, 63
"/home/alrightytighty/DataBeats/frontend/src/Components/Profile/KebabMenu.module.css", "PostCSS", 0, 0, 0, 0, 0, 0, 0, 0, 0, 72, 0, 2, 16, 90
"/home/alrightytighty/DataBeats/frontend/src/Components/Profile/ProfileContent.jsx", "JavaScript JSX", 0, 0, 0, 0, 0, 0, 0, 0, 64, 0, 0, 4, 7, 75
"/home/alrightytighty/DataBeats/frontend/src/Components/Profile/ProfileContent.module.css", "PostCSS", 0, 0, 0, 0, 0, 0, 0, 0, 0, 183, 0, 4, 26, 213
"/home/alrightytighty/DataBeats/frontend/src/Components/Profile/ProfileHeader.module.css", "PostCSS", 0, 0, 0, 0, 0, 0, 0, 0, 0, 112, 0, 0, 16, 128
"/home/alrightytighty/DataBeats/frontend/src/Components/Profile/ProfileHeaderArtistVisitor.jsx", "JavaScript JSX", 0, 0, 0, 0, 0, 0, 0, 0, 33, 0, 0, 0, 3, 36
"/home/alrightytighty/DataBeats/frontend/src/Components/Profile/ProfileHeaderMe.jsx", "JavaScript JSX", 0, 0, 0, 0, 0, 0, 0, 0, 40, 0, 0, 0, 8, 48
"/home/alrightytighty/DataBeats/frontend/src/Components/Profile/ProfileHeaderUserVisitor.jsx", "JavaScript JSX", 0, 0, 0, 0, 0, 0, 0, 0, 34, 0, 0, 0, 4, 38
"/home/alrightytighty/DataBeats/frontend/src/Components/ReportButton.jsx", "JavaScript JSX", 0, 0, 0, 0, 0, 0, 0, 0, 19, 0, 0, 0, 4, 23
"/home/alrightytighty/DataBeats/frontend/src/Components/ReportButton.module.css", "PostCSS", 0, 0, 0, 0, 0, 0, 0, 0, 0, 12, 0, 0, 2, 14
"/home/alrightytighty/DataBeats/frontend/src/Components/SearchResultCard.jsx", "JavaScript JSX", 0, 0, 0, 0, 0, 0, 0, 0, 13, 0, 0, 0, 3, 16
"/home/alrightytighty/DataBeats/frontend/src/Components/SearchResultCard.module.css", "PostCSS", 0, 0, 0, 0, 0, 0, 0, 0, 0, 40, 0, 0, 7, 47
"/home/alrightytighty/DataBeats/frontend/src/Components/SearchResultsRow.jsx", "JavaScript JSX", 0, 0, 0, 0, 0, 0, 0, 0, 14, 0, 0, 0, 2, 16
"/home/alrightytighty/DataBeats/frontend/src/Components/SearchResultsRow.module.css", "PostCSS", 0, 0, 0, 0, 0, 0, 0, 0, 0, 23, 0, 0, 3, 26
"/home/alrightytighty/DataBeats/frontend/src/Components/Searchbar.jsx", "JavaScript JSX", 0, 0, 0, 0, 0, 0, 0, 0, 35, 0, 0, 0, 10, 45
"/home/alrightytighty/DataBeats/frontend/src/Components/Searchbar.module.css", "PostCSS", 0, 0, 0, 0, 0, 0, 0, 0, 0, 11, 0, 0, 1, 12
"/home/alrightytighty/DataBeats/frontend/src/Components/Topnav.jsx", "JavaScript JSX", 0, 0, 0, 0, 0, 0, 0, 0, 35, 0, 0, 0, 6, 41
"/home/alrightytighty/DataBeats/frontend/src/Components/Topnav.module.css", "PostCSS", 0, 0, 0, 0, 0, 0, 0, 0, 0, 40, 0, 0, 6, 46
"/home/alrightytighty/DataBeats/frontend/src/Components/UseMe.js", "JavaScript", 23, 0, 0, 0, 0, 0, 0, 0, 0, 0, 0, 0, 4, 27
"/home/alrightytighty/DataBeats/frontend/src/Components/UserReports.jsx", "JavaScript JSX", 0, 0, 0, 0, 0, 0, 0, 0, 176, 0, 0, 0, 16, 192
"/home/alrightytighty/DataBeats/frontend/src/Components/UserReports.module.css", "PostCSS", 0, 0, 0, 0, 0, 0, 0, 0, 0, 149, 0, 0, 27, 176
"/home/alrightytighty/DataBeats/frontend/src/Pages/Admin.jsx", "JavaScript JSX", 0, 0, 0, 0, 0, 0, 0, 0, 30, 0, 0, 0, 4, 34
"/home/alrightytighty/DataBeats/frontend/src/Pages/Admin.module.css", "PostCSS", 0, 0, 0, 0, 0, 0, 0, 0, 0, 74, 0, 0, 14, 88
"/home/alrightytighty/DataBeats/frontend/src/Pages/Album.jsx", "JavaScript JSX", 0, 0, 0, 0, 0, 0, 0, 0, 152, 0, 0, 0, 16, 168
"/home/alrightytighty/DataBeats/frontend/src/Pages/Album.module.css", "PostCSS", 0, 0, 0, 0, 0, 0, 0, 0, 0, 147, 0, 0, 29, 176
"/home/alrightytighty/DataBeats/frontend/src/Pages/AlbumView.jsx", "JavaScript JSX", 0, 0, 0, 0, 0, 0, 0, 0, 86, 0, 0, 0, 9, 95
"/home/alrightytighty/DataBeats/frontend/src/Pages/AlbumView.module.css", "PostCSS", 0, 0, 0, 0, 0, 0, 0, 0, 0, 10, 0, 111, 1, 122
"/home/alrightytighty/DataBeats/frontend/src/Pages/Artist.module.css", "PostCSS", 0, 0, 0, 0, 0, 0, 0, 0, 0, 163, 0, 3, 20, 186
"/home/alrightytighty/DataBeats/frontend/src/Pages/ArtistEvents.jsx", "JavaScript JSX", 0, 0, 0, 0, 0, 0, 0, 0, 80, 0, 0, 0, 7, 87
"/home/alrightytighty/DataBeats/frontend/src/Pages/ArtistEvents.module.css", "PostCSS", 0, 0, 0, 0, 0, 0, 0, 0, 0, 81, 0, 106, 12, 199
"/home/alrightytighty/DataBeats/frontend/src/Pages/ArtistProfileUser.jsx", "JavaScript JSX", 0, 0, 0, 0, 0, 0, 0, 0, 124, 0, 0, 0, 14, 138
"/home/alrightytighty/DataBeats/frontend/src/Pages/ArtistProfileUser.module.css", "PostCSS", 0, 0, 0, 0, 0, 0, 0, 0, 0, 41, 0, 0, 2, 43
"/home/alrightytighty/DataBeats/frontend/src/Pages/Authtest.jsx", "JavaScript JSX", 0, 0, 0, 0, 0, 0, 0, 0, 22, 0, 0, 0, 8, 30
"/home/alrightytighty/DataBeats/frontend/src/Pages/CreateAlbum.jsx", "JavaScript JSX", 0, 0, 0, 0, 0, 0, 0, 0, 289, 0, 0, 23, 52, 364
"/home/alrightytighty/DataBeats/frontend/src/Pages/CreateAlbum.module.css", "PostCSS", 0, 0, 0, 0, 0, 0, 0, 0, 0, 277, 0, 13, 45, 335
"/home/alrightytighty/DataBeats/frontend/src/Pages/CreateEvent.jsx", "JavaScript JSX", 0, 0, 0, 0, 0, 0, 0, 0, 206, 0, 0, 7, 37, 250
"/home/alrightytighty/DataBeats/frontend/src/Pages/CreateEvent.module.css", "PostCSS", 0, 0, 0, 0, 0, 0, 0, 0, 0, 196, 0, 11, 32, 239
"/home/alrightytighty/DataBeats/frontend/src/Pages/CreatePlaylist.jsx", "JavaScript JSX", 0, 0, 0, 0, 0, 0, 0, 0, 132, 0, 0, 0, 17, 149
"/home/alrightytighty/DataBeats/frontend/src/Pages/CreatePlaylist.module.css", "PostCSS", 0, 0, 0, 0, 0, 0, 0, 0, 0, 167, 0, 0, 28, 195
"/home/alrightytighty/DataBeats/frontend/src/Pages/Dashboard.jsx", "JavaScript JSX", 0, 0, 0, 0, 0, 0, 0, 0, 107, 0, 0, 0, 11, 118
"/home/alrightytighty/DataBeats/frontend/src/Pages/Dashboard.module.css", "PostCSS", 0, 0, 0, 0, 0, 0, 0, 0, 0, 136, 0, 3, 20, 159
"/home/alrightytighty/DataBeats/frontend/src/Pages/EventDetails.jsx", "JavaScript JSX", 0, 0, 0, 0, 0, 0, 0, 0, 232, 0, 0, 14, 23, 269
"/home/alrightytighty/DataBeats/frontend/src/Pages/Events.css", "PostCSS", 0, 0, 0, 0, 0, 0, 0, 0, 0, 91, 0, 5, 17, 113
"/home/alrightytighty/DataBeats/frontend/src/Pages/Events.jsx", "JavaScript JSX", 0, 0, 0, 0, 0, 0, 0, 0, 129, 0, 0, 1, 15, 145
"/home/alrightytighty/DataBeats/frontend/src/Pages/FollowPages.module.css", "PostCSS", 0, 0, 0, 0, 0, 0, 0, 0, 0, 153, 0, 0, 20, 173
"/home/alrightytighty/DataBeats/frontend/src/Pages/Followers.jsx", "JavaScript JSX", 0, 0, 0, 0, 0, 0, 0, 0, 141, 0, 0, 0, 15, 156
"/home/alrightytighty/DataBeats/frontend/src/Pages/Following.jsx", "JavaScript JSX", 0, 0, 0, 0, 0, 0, 0, 0, 74, 0, 0, 0, 9, 83
"/home/alrightytighty/DataBeats/frontend/src/Pages/GenerateReport.jsx", "JavaScript JSX", 0, 0, 0, 0, 0, 0, 0, 0, 72, 0, 0, 1, 14, 87
"/home/alrightytighty/DataBeats/frontend/src/Pages/GenerateReport.module.css", "PostCSS", 0, 0, 0, 0, 0, 0, 0, 0, 0, 64, 0, 0, 10, 74
"/home/alrightytighty/DataBeats/frontend/src/Pages/History.jsx", "JavaScript JSX", 0, 0, 0, 0, 0, 0, 0, 0, 434, 0, 0, 7, 36, 477
"/home/alrightytighty/DataBeats/frontend/src/Pages/History.module.css", "PostCSS", 0, 0, 0, 0, 0, 0, 0, 0, 0, 257, 0, 7, 40, 304
"/home/alrightytighty/DataBeats/frontend/src/Pages/ListenerMe.jsx", "JavaScript JSX", 0, 0, 0, 0, 0, 0, 0, 0, 59, 0, 0, 4, 9, 72
"/home/alrightytighty/DataBeats/frontend/src/Pages/ListenerProfile.module.css", "PostCSS", 0, 0, 0, 0, 0, 0, 0, 0, 0, 43, 0, 1, 4, 48
"/home/alrightytighty/DataBeats/frontend/src/Pages/ListenerPublic.jsx", "JavaScript JSX", 0, 0, 0, 0, 0, 0, 0, 0, 122, 0, 0, 8, 16, 146
"/home/alrightytighty/DataBeats/frontend/src/Pages/Login.jsx", "JavaScript JSX", 0, 0, 0, 0, 0, 0, 0, 0, 73, 0, 0, 0, 16, 89
"/home/alrightytighty/DataBeats/frontend/src/Pages/Login.module.css", "PostCSS", 0, 0, 0, 0, 0, 0, 0, 0, 0, 60, 0, 0, 9, 69
"/home/alrightytighty/DataBeats/frontend/src/Pages/MusicianDashboard.jsx", "JavaScript JSX", 0, 0, 0, 0, 0, 0, 0, 0, 104, 0, 0, 19, 6, 129
"/home/alrightytighty/DataBeats/frontend/src/Pages/NewReleases.jsx", "JavaScript JSX", 0, 0, 0, 0, 0, 0, 0, 0, 80, 0, 0, 0, 8, 88
"/home/alrightytighty/DataBeats/frontend/src/Pages/NewReleases.module.css", "PostCSS", 0, 0, 0, 0, 0, 0, 0, 0, 0, 81, 0, 0, 7, 88
"/home/alrightytighty/DataBeats/frontend/src/Pages/NotFound.jsx", "JavaScript JSX", 0, 0, 0, 0, 0, 0, 0, 0, 12, 0, 0, 0, 1, 13
"/home/alrightytighty/DataBeats/frontend/src/Pages/PlaylistPage.jsx", "JavaScript JSX", 0, 0, 0, 0, 0, 0, 0, 0, 267, 0, 0, 12, 32, 311
"/home/alrightytighty/DataBeats/frontend/src/Pages/PlaylistPage.module.css", "PostCSS", 0, 0, 0, 0, 0, 0, 0, 0, 0, 287, 0, 8, 53, 348
"/home/alrightytighty/DataBeats/frontend/src/Pages/Playlists.jsx", "JavaScript JSX", 0, 0, 0, 0, 0, 0, 0, 0, 66, 0, 0, 16, 16, 98
"/home/alrightytighty/DataBeats/frontend/src/Pages/Playlists.module.css", "PostCSS", 0, 0, 0, 0, 0, 0, 0, 0, 0, 32, 0, 0, 8, 40
"/home/alrightytighty/DataBeats/frontend/src/Pages/Register.jsx", "JavaScript JSX", 0, 0, 0, 0, 0, 0, 0, 0, 83, 0, 0, 0, 18, 101
"/home/alrightytighty/DataBeats/frontend/src/Pages/Register.module.css", "PostCSS", 0, 0, 0, 0, 0, 0, 0, 0, 0, 61, 0, 0, 9, 70
"/home/alrightytighty/DataBeats/frontend/src/Pages/Report.jsx", "JavaScript JSX", 0, 0, 0, 0, 0, 0, 0, 0, 76, 0, 0, 2, 16, 94
"/home/alrightytighty/DataBeats/frontend/src/Pages/Report.module.css", "PostCSS", 0, 0, 0, 0, 0, 0, 0, 0, 0, 102, 0, 0, 17, 119
"/home/alrightytighty/DataBeats/frontend/src/Pages/ReportResult.jsx", "JavaScript JSX", 0, 0, 0, 0, 0, 0, 0, 0, 71, 0, 0, 0, 9, 80
"/home/alrightytighty/DataBeats/frontend/src/Pages/ReportResult.module.css", "PostCSS", 0, 0, 0, 0, 0, 0, 0, 0, 0, 74, 0, 0, 13, 87
"/home/alrightytighty/DataBeats/frontend/src/Pages/SearchResult.jsx", "JavaScript JSX", 0, 0, 0, 0, 0, 0, 0, 0, 40, 0, 0, 1, 9, 50
"/home/alrightytighty/DataBeats/frontend/src/Pages/SearchResult.module.css", "PostCSS", 0, 0, 0, 0, 0, 0, 0, 0, 0, 19, 0, 0, 4, 23
"/home/alrightytighty/DataBeats/frontend/src/Pages/Settings.jsx", "JavaScript JSX", 0, 0, 0, 0, 0, 0, 0, 0, 164, 0, 0, 2, 24, 190
"/home/alrightytighty/DataBeats/frontend/src/Pages/Settings.module.css", "PostCSS", 0, 0, 0, 0, 0, 0, 0, 0, 0, 6, 0, 0, 1, 7
"/home/alrightytighty/DataBeats/frontend/src/Pages/Signup.jsx", "JavaScript JSX", 0, 0, 0, 0, 0, 0, 0, 0, 5, 0, 0, 0, 3, 8
"/home/alrightytighty/DataBeats/frontend/src/Pages/Stream.jsx", "JavaScript JSX", 0, 0, 0, 0, 0, 0, 0, 0, 363, 0, 0, 0, 52, 415
"/home/alrightytighty/DataBeats/frontend/src/Pages/Stream.module.css", "PostCSS", 0, 0, 0, 0, 0, 0, 0, 0, 0, 216, 0, 0, 32, 248
"/home/alrightytighty/DataBeats/frontend/src/Pages/StreamPopupTest.jsx", "JavaScript JSX", 0, 0, 0, 0, 0, 0, 0, 0, 11, 0, 0, 0, 4, 15
"/home/alrightytighty/DataBeats/frontend/src/assets/barMenu.svg", "XML", 0, 0, 0, 0, 8, 0, 0, 0, 0, 0, 0, 0, 1, 9
"/home/alrightytighty/DataBeats/frontend/src/assets/eye.svg", "XML", 0, 0, 0, 0, 13, 0, 0, 0, 0, 0, 0, 0, 1, 14
"/home/alrightytighty/DataBeats/frontend/src/assets/react.svg", "XML", 0, 0, 0, 0, 1, 0, 0, 0, 0, 0, 0, 0, 0, 1
"/home/alrightytighty/DataBeats/frontend/src/assets/star.svg", "XML", 0, 0, 0, 0, 3, 0, 0, 0, 0, 0, 0, 0, 0, 3
"/home/alrightytighty/DataBeats/frontend/src/css/AddButton.css", "PostCSS", 0, 0, 0, 0, 0, 0, 0, 0, 0, 23, 0, 0, 1, 24
"/home/alrightytighty/DataBeats/frontend/src/css/AlbumCard.css", "PostCSS", 0, 0, 0, 0, 0, 0, 0, 0, 0, 37, 0, 0, 5, 42
"/home/alrightytighty/DataBeats/frontend/src/css/Bio.css", "PostCSS", 0, 0, 0, 0, 0, 0, 0, 0, 0, 92, 0, 3, 9, 104
"/home/alrightytighty/DataBeats/frontend/src/css/DeleteButton.css", "PostCSS", 0, 0, 0, 0, 0, 0, 0, 0, 0, 68, 0, 0, 6, 74
"/home/alrightytighty/DataBeats/frontend/src/css/EditButton.css", "PostCSS", 0, 0, 0, 0, 0, 0, 0, 0, 0, 23, 0, 0, 1, 24
"/home/alrightytighty/DataBeats/frontend/src/css/EventCard.css", "PostCSS", 0, 0, 0, 0, 0, 0, 0, 0, 0, 38, 0, 2, 5, 45
"/home/alrightytighty/DataBeats/frontend/src/css/EventDetails.css", "PostCSS", 0, 0, 0, 0, 0, 0, 0, 0, 0, 259, 0, 18, 24, 301
"/home/alrightytighty/DataBeats/frontend/src/css/MusicianDashboard.css", "PostCSS", 0, 0, 0, 0, 0, 0, 0, 0, 0, 130, 0, 14, 17, 161
"/home/alrightytighty/DataBeats/frontend/src/css/MusicianPicName.css", "PostCSS", 0, 0, 0, 0, 0, 0, 0, 0, 0, 118, 0, 6, 11, 135
"/home/alrightytighty/DataBeats/frontend/src/css/NotFound.css", "PostCSS", 0, 0, 0, 0, 0, 0, 0, 0, 0, 19, 0, 0, 2, 21
"/home/alrightytighty/DataBeats/frontend/src/hooks/useAuthentication.js", "JavaScript", 30, 0, 0, 0, 0, 0, 0, 0, 0, 0, 0, 0, 8, 38
"/home/alrightytighty/DataBeats/frontend/src/hooks/useContextMenu.js", "JavaScript", 32, 0, 0, 0, 0, 0, 0, 0, 0, 0, 0, 0, 6, 38
"/home/alrightytighty/DataBeats/frontend/src/hooks/useFollow.js", "JavaScript", 85, 0, 0, 0, 0, 0, 0, 0, 0, 0, 0, 0, 8, 93
"/home/alrightytighty/DataBeats/frontend/src/index.css", "PostCSS", 0, 0, 0, 0, 0, 0, 0, 0, 0, 100, 0, 6, 10, 116
"/home/alrightytighty/DataBeats/frontend/src/lib/api.js", "JavaScript", 2, 0, 0, 0, 0, 0, 0, 0, 0, 0, 0, 2, 2, 6
"/home/alrightytighty/DataBeats/frontend/src/lib/playlistPageApi.js", "JavaScript", 44, 0, 0, 0, 0, 0, 0, 0, 0, 0, 0, 1, 7, 52
"/home/alrightytighty/DataBeats/frontend/src/main.jsx", "JavaScript JSX", 0, 0, 0, 0, 0, 0, 0, 0, 9, 0, 0, 0, 3, 12
"/home/alrightytighty/DataBeats/frontend/vite.config.js", "JavaScript", 5, 0, 0, 0, 0, 0, 0, 0, 0, 0, 0, 1, 2, 8
"Total", "-", 249, 3195, 15, 43, 45, 5429, 13, 11, 5547, 5326, 22, 570, 3239, 23704